epoch,steps,MRR@10,NDCG@10
0,10000,0.995,0.9963092975357145
0,20000,0.9925,0.9944639463035719
0,30000,0.995,0.9963092975357145
0,40000,0.995,0.9963092975357145
